project,strategy,ctx_level,ctx_lang,bleu,baseline_bleu,delta,rank
aspell_v0.60.8.1,LLAMA,ctx-2,"ES, RU",34.34861393646538,22.370671111051493,11.977942825413884,1
aspell_v0.60.8.1,LLAMA,ctx-2,"ES, VI",33.2970563621302,22.370671111051493,10.926385251078706,2
aspell_v0.60.8.1,LLAMA,ctx-2,"ES, ID",33.28398050943532,22.370671111051493,10.913309398383824,3
aspell_v0.60.8.1,LLAMA,ctx-2,"FR, RU",32.720656539785246,22.370671111051493,10.349985428733753,4
aspell_v0.60.8.1,LLAMA,ctx-2,"ES, FR",32.65068216529558,22.370671111051493,10.280011054244085,5
aspell_v0.60.8.1,LLAMA,ctx-2,"FR, ID",32.3705869363431,22.370671111051493,9.999915825291609,6
aspell_v0.60.8.1,LLAMA,ctx-2,"ES, ZH_CN",31.813294389536733,22.370671111051493,9.44262327848524,7
aspell_v0.60.8.1,LLAMA,ctx-2,"FR, VI",31.767418412393457,22.370671111051493,9.396747301341964,8
aspell_v0.60.8.1,LLAMA,ctx-2,"RU, VI",30.923516392739803,22.370671111051493,8.55284528168831,9
aspell_v0.60.8.1,LLAMA,ctx-2,"DE, ES",29.494064250971235,22.370671111051493,7.123393139919742,10
aspell_v0.60.8.1,LLAMA,ctx-2,"ID, RU",29.220624684331565,22.370671111051493,6.849953573280072,11
aspell_v0.60.8.1,LLAMA,ctx-2,"DE, RU",28.774757984037137,22.370671111051493,6.404086872985644,12
aspell_v0.60.8.1,LLAMA,ctx-2,"DE, FR",28.535497027858828,22.370671111051493,6.1648259168073345,13
aspell_v0.60.8.1,LLAMA,ctx-2,"RU, ZH_CN",28.521716751511384,22.370671111051493,6.151045640459891,14
aspell_v0.60.8.1,LLAMA,ctx-2,"FR, ZH_CN",28.10884599628761,22.370671111051493,5.738174885236116,15
aspell_v0.60.8.1,LLAMA,ctx-2,"ID, ZH_CN",27.78246733768271,22.370671111051493,5.411796226631218,16
aspell_v0.60.8.1,LLAMA,ctx-2,"VI, ZH_CN",27.325374377886035,22.370671111051493,4.954703266834542,17
aspell_v0.60.8.1,LLAMA,ctx-2,"DE, VI",27.28788374239925,22.370671111051493,4.9172126313477555,18
aspell_v0.60.8.1,LLAMA,ctx-2,"ID, VI",26.772106692674043,22.370671111051493,4.40143558162255,19
aspell_v0.60.8.1,LLAMA,ctx-2,"DE, ID",26.425730196396177,22.370671111051493,4.055059085344684,20
aspell_v0.60.8.1,LLAMA,ctx-2,"DE, ZH_CN",25.889169776922568,22.370671111051493,3.518498665871075,21
bison-runtime_v3.5.90,LLAMA,ctx-2,"ID, ZH_CN",55.13302457461529,20.73317560978742,34.39984896482787,1
bison-runtime_v3.5.90,LLAMA,ctx-2,"FR, RU",53.49824084583129,20.73317560978742,32.76506523604387,2
bison-runtime_v3.5.90,LLAMA,ctx-2,"ID, RU",50.429101122291186,20.73317560978742,29.695925512503766,3
bison-runtime_v3.5.90,LLAMA,ctx-2,"DE, ZH_CN",49.637265454437866,20.73317560978742,28.904089844650446,4
bison-runtime_v3.5.90,LLAMA,ctx-2,"RU, ZH_CN",46.83394111282178,20.73317560978742,26.100765503034363,5
bison-runtime_v3.5.90,LLAMA,ctx-2,"DE, RU",45.90428251005696,20.73317560978742,25.17110690026954,6
bison-runtime_v3.5.90,LLAMA,ctx-2,"ES, FR",45.220676288199755,20.73317560978742,24.487500678412335,7
bison-runtime_v3.5.90,LLAMA,ctx-2,"ES, RU",44.55267274826747,20.73317560978742,23.81949713848005,8
bison-runtime_v3.5.90,LLAMA,ctx-2,"FR, ZH_CN",43.54629622317609,20.73317560978742,22.813120613388673,9
bison-runtime_v3.5.90,LLAMA,ctx-2,"VI, ZH_CN",41.494955185072264,20.73317560978742,20.761779575284844,10
bison-runtime_v3.5.90,LLAMA,ctx-2,"ES, ZH_CN",39.89635413345713,20.73317560978742,19.16317852366971,11
bison-runtime_v3.5.90,LLAMA,ctx-2,"ES, ID",39.80265591269773,20.73317560978742,19.06948030291031,12
bison-runtime_v3.5.90,LLAMA,ctx-2,"ES, VI",37.75208934719913,20.73317560978742,17.01891373741171,13
bison-runtime_v3.5.90,LLAMA,ctx-2,"DE, ES",36.98110984340091,20.73317560978742,16.24793423361349,14
bison-runtime_v3.5.90,LLAMA,ctx-2,"FR, ID",35.473020055696225,20.73317560978742,14.739844445908805,15
bison-runtime_v3.5.90,LLAMA,ctx-2,"DE, ID",34.314833663256955,20.73317560978742,13.581658053469535,16
bison-runtime_v3.5.90,LLAMA,ctx-2,"FR, VI",33.4284685945061,20.73317560978742,12.69529298471868,17
bison-runtime_v3.5.90,LLAMA,ctx-2,"RU, VI",32.01018292257511,20.73317560978742,11.277007312787692,18
bison-runtime_v3.5.90,LLAMA,ctx-2,"ID, VI",26.345719208515916,20.73317560978742,5.612543598728497,19
bison-runtime_v3.5.90,LLAMA,ctx-2,"DE, VI",23.70083551216784,20.73317560978742,2.9676599023804187,20
bison-runtime_v3.5.90,LLAMA,ctx-2,"DE, FR",21.24680378471958,20.73317560978742,0.5136281749321618,21
diffutils_v3.10.242,LLAMA,ctx-2,"ES, ZH_CN",36.53655987284987,26.87523277705182,9.66132709579805,1
diffutils_v3.10.242,LLAMA,ctx-2,"ES, FR",34.60310487347836,26.87523277705182,7.7278720964265375,2
diffutils_v3.10.242,LLAMA,ctx-2,"ES, RU",33.04685365602105,26.87523277705182,6.171620878969229,3
diffutils_v3.10.242,LLAMA,ctx-2,"FR, RU",33.01633939053095,26.87523277705182,6.141106613479131,4
diffutils_v3.10.242,LLAMA,ctx-2,"FR, ZH_CN",32.65979215877786,26.87523277705182,5.784559381726041,5
diffutils_v3.10.242,LLAMA,ctx-2,"DE, FR",31.43919939141561,26.87523277705182,4.563966614363789,6
diffutils_v3.10.242,LLAMA,ctx-2,"DE, RU",31.04297511785337,26.87523277705182,4.167742340801549,7
diffutils_v3.10.242,LLAMA,ctx-2,"DE, ES",30.97744613937,26.87523277705182,4.102213362318178,8
diffutils_v3.10.242,LLAMA,ctx-2,"RU, ZH_CN",29.99253260907813,26.87523277705182,3.1172998320263083,9
diffutils_v3.10.242,LLAMA,ctx-2,"ES, VI",29.80501592928568,26.87523277705182,2.9297831522338598,10
diffutils_v3.10.242,LLAMA,ctx-2,"DE, VI",29.5314776672523,26.87523277705182,2.6562448902004796,11
diffutils_v3.10.242,LLAMA,ctx-2,"ES, ID",28.829440597330613,26.87523277705182,1.9542078202787927,12
diffutils_v3.10.242,LLAMA,ctx-2,"DE, ZH_CN",28.69864271975022,26.87523277705182,1.823409942698401,13
diffutils_v3.10.242,LLAMA,ctx-2,"FR, ID",28.193937849547684,26.87523277705182,1.318705072495863,14
diffutils_v3.10.242,LLAMA,ctx-2,"FR, VI",27.38642418253702,26.87523277705182,0.5111914054851994,15
diffutils_v3.10.242,LLAMA,ctx-2,"ID, RU",26.72962124554404,26.87523277705182,-0.1456115315077824,16
diffutils_v3.10.242,LLAMA,ctx-2,"DE, ID",26.52069706410038,26.87523277705182,-0.35453571295144215,17
diffutils_v3.10.242,LLAMA,ctx-2,"ID, ZH_CN",26.264775860682203,26.87523277705182,-0.6104569163696176,18
diffutils_v3.10.242,LLAMA,ctx-2,"VI, ZH_CN",25.99206369110517,26.87523277705182,-0.8831690859466512,19
diffutils_v3.10.242,LLAMA,ctx-2,"RU, VI",25.972318519319423,26.87523277705182,-0.9029142577323981,20
diffutils_v3.10.242,LLAMA,ctx-2,"ID, VI",25.03969929558405,26.87523277705182,-1.8355334814677704,21
exif_v0.6.22,LLAMA,ctx-2,"ES, ZH_CN",28.193144563138738,16.909909117030814,11.283235446107923,1
exif_v0.6.22,LLAMA,ctx-2,"ES, RU",28.182026305004452,16.909909117030814,11.272117187973638,2
exif_v0.6.22,LLAMA,ctx-2,"FR, ZH_CN",27.34530366790872,16.909909117030814,10.435394550877906,3
exif_v0.6.22,LLAMA,ctx-2,"FR, RU",27.17882024501104,16.909909117030814,10.268911127980225,4
exif_v0.6.22,LLAMA,ctx-2,"DE, FR",26.89897824986237,16.909909117030814,9.989069132831556,5
exif_v0.6.22,LLAMA,ctx-2,"ES, FR",26.536617928620032,16.909909117030814,9.626708811589218,6
exif_v0.6.22,LLAMA,ctx-2,"ES, ID",25.660444736601296,16.909909117030814,8.750535619570481,7
exif_v0.6.22,LLAMA,ctx-2,"FR, VI",25.208205549308396,16.909909117030814,8.298296432277581,8
exif_v0.6.22,LLAMA,ctx-2,"DE, ES",24.80858829887258,16.909909117030814,7.898679181841764,9
exif_v0.6.22,LLAMA,ctx-2,"VI, ZH_CN",24.779777648372104,16.909909117030814,7.8698685313412895,10
exif_v0.6.22,LLAMA,ctx-2,"FR, ID",24.61660805219536,16.909909117030814,7.706698935164546,11
exif_v0.6.22,LLAMA,ctx-2,"DE, ID",23.827461094190976,16.909909117030814,6.917551977160162,12
exif_v0.6.22,LLAMA,ctx-2,"ES, VI",23.813407994920507,16.909909117030814,6.903498877889692,13
exif_v0.6.22,LLAMA,ctx-2,"DE, RU",23.780875434116876,16.909909117030814,6.8709663170860615,14
exif_v0.6.22,LLAMA,ctx-2,"DE, ZH_CN",23.23418580385545,16.909909117030814,6.324276686824636,15
exif_v0.6.22,LLAMA,ctx-2,"RU, ZH_CN",22.799878868381793,16.909909117030814,5.8899697513509786,16
exif_v0.6.22,LLAMA,ctx-2,"DE, VI",22.625502551830937,16.909909117030814,5.715593434800123,17
exif_v0.6.22,LLAMA,ctx-2,"RU, VI",19.60509787436571,16.909909117030814,2.695188757334897,18
exif_v0.6.22,LLAMA,ctx-2,"ID, VI",18.75931072830615,16.909909117030814,1.8494016112753364,19
exif_v0.6.22,LLAMA,ctx-2,"ID, ZH_CN",18.208825279417557,16.909909117030814,1.2989161623867425,20
exif_v0.6.22,LLAMA,ctx-2,"ID, RU",16.689986033400018,16.909909117030814,-0.21992308363079616,21
gst-plugins-bad_v1.27.90,LLAMA,ctx-2,"DE, VI",45.176036501783514,35.08725840716348,10.088778094620032,1
gst-plugins-bad_v1.27.90,LLAMA,ctx-2,"DE, FR",42.700740446116,35.08725840716348,7.613482038952519,2
gst-plugins-bad_v1.27.90,LLAMA,ctx-2,"DE, ES",41.00055311487098,35.08725840716348,5.9132947077075,3
gst-plugins-bad_v1.27.90,LLAMA,ctx-2,"FR, ID",40.15340259750684,35.08725840716348,5.066144190343358,4
gst-plugins-bad_v1.27.90,LLAMA,ctx-2,"ES, VI",39.631264084840986,35.08725840716348,4.544005677677504,5
gst-plugins-bad_v1.27.90,LLAMA,ctx-2,"RU, ZH_CN",39.49843226707129,35.08725840716348,4.411173859907805,6
gst-plugins-bad_v1.27.90,LLAMA,ctx-2,"DE, RU",38.91991052200552,35.08725840716348,3.832652114842041,7
gst-plugins-bad_v1.27.90,LLAMA,ctx-2,"ES, ZH_CN",38.37648647643675,35.08725840716348,3.289228069273271,8
gst-plugins-bad_v1.27.90,LLAMA,ctx-2,"FR, RU",38.02167862561421,35.08725840716348,2.9344202184507253,9
gst-plugins-bad_v1.27.90,LLAMA,ctx-2,"DE, ZH_CN",37.36098209278574,35.08725840716348,2.273723685622258,10
gst-plugins-bad_v1.27.90,LLAMA,ctx-2,"ES, RU",37.01596023228058,35.08725840716348,1.9287018251170949,11
gst-plugins-bad_v1.27.90,LLAMA,ctx-2,"ES, ID",37.01382833090856,35.08725840716348,1.9265699237450775,12
gst-plugins-bad_v1.27.90,LLAMA,ctx-2,"ES, FR",36.39071222158434,35.08725840716348,1.3034538144208554,13
gst-plugins-bad_v1.27.90,LLAMA,ctx-2,"FR, ZH_CN",36.08195321141545,35.08725840716348,0.9946948042519708,14
gst-plugins-bad_v1.27.90,LLAMA,ctx-2,"RU, VI",35.131443963644436,35.08725840716348,0.04418555648095435,15
gst-plugins-bad_v1.27.90,LLAMA,ctx-2,"ID, RU",34.38793356624062,35.08725840716348,-0.6993248409228627,16
gst-plugins-bad_v1.27.90,LLAMA,ctx-2,"FR, VI",34.04300607906503,35.08725840716348,-1.0442523280984517,17
gst-plugins-bad_v1.27.90,LLAMA,ctx-2,"DE, ID",33.69043240572235,35.08725840716348,-1.3968260014411342,18
gst-plugins-bad_v1.27.90,LLAMA,ctx-2,"ID, VI",33.26616851015239,35.08725840716348,-1.8210898970110918,19
gst-plugins-bad_v1.27.90,LLAMA,ctx-2,"ID, ZH_CN",31.578751392750465,35.08725840716348,-3.5085070144130164,20
gst-plugins-bad_v1.27.90,LLAMA,ctx-2,"VI, ZH_CN",30.52402231166786,35.08725840716348,-4.563236095495622,21
gst-plugins-ugly_v1.27.90,LLAMA,ctx-2,"DE, ES",38.653694101995896,26.73616106438515,11.917533037610745,1
gst-plugins-ugly_v1.27.90,LLAMA,ctx-2,"ES, FR",37.23211973758047,26.73616106438515,10.495958673195318,2
gst-plugins-ugly_v1.27.90,LLAMA,ctx-2,"DE, ZH_CN",34.42636326686761,26.73616106438515,7.69020220248246,3
gst-plugins-ugly_v1.27.90,LLAMA,ctx-2,"ES, RU",33.741103734518006,26.73616106438515,7.004942670132856,4
gst-plugins-ugly_v1.27.90,LLAMA,ctx-2,"FR, ZH_CN",33.430280421039846,26.73616106438515,6.694119356654696,5
gst-plugins-ugly_v1.27.90,LLAMA,ctx-2,"ES, ID",33.22524486249476,26.73616106438515,6.489083798109611,6
gst-plugins-ugly_v1.27.90,LLAMA,ctx-2,"DE, FR",32.78772773638185,26.73616106438515,6.051566671996696,7
gst-plugins-ugly_v1.27.90,LLAMA,ctx-2,"ES, ZH_CN",31.50017639582095,26.73616106438515,4.7640153314358,8
gst-plugins-ugly_v1.27.90,LLAMA,ctx-2,"DE, RU",31.104284533431972,26.73616106438515,4.368123469046822,9
gst-plugins-ugly_v1.27.90,LLAMA,ctx-2,"ES, VI",28.733014070371205,26.73616106438515,1.996853005986054,10
gst-plugins-ugly_v1.27.90,LLAMA,ctx-2,"RU, VI",28.550794745859196,26.73616106438515,1.8146336814740458,11
gst-plugins-ugly_v1.27.90,LLAMA,ctx-2,"ID, VI",26.86864590320692,26.73616106438515,0.13248483882177098,12
gst-plugins-ugly_v1.27.90,LLAMA,ctx-2,"RU, ZH_CN",26.72735881028833,26.73616106438515,-0.008802254096821116,13
gst-plugins-ugly_v1.27.90,LLAMA,ctx-2,"ID, RU",25.836913198574347,26.73616106438515,-0.8992478658108034,14
gst-plugins-ugly_v1.27.90,LLAMA,ctx-2,"FR, VI",23.76512566519718,26.73616106438515,-2.971035399187972,15
gst-plugins-ugly_v1.27.90,LLAMA,ctx-2,"FR, ID",22.33331939246832,26.73616106438515,-4.402841671916832,16
gst-plugins-ugly_v1.27.90,LLAMA,ctx-2,"DE, ID",22.12768601953335,26.73616106438515,-4.608475044851801,17
gst-plugins-ugly_v1.27.90,LLAMA,ctx-2,"DE, VI",21.05569095508964,26.73616106438515,-5.680470109295509,18
gst-plugins-ugly_v1.27.90,LLAMA,ctx-2,"VI, ZH_CN",19.9806591652882,26.73616106438515,-6.755501899096952,19
gst-plugins-ugly_v1.27.90,LLAMA,ctx-2,"ID, ZH_CN",19.718464011177343,26.73616106438515,-7.017697053207808,20
gst-plugins-ugly_v1.27.90,LLAMA,ctx-2,"FR, RU",19.51992600404278,26.73616106438515,-7.21623506034237,21
gstreamer_v1.27.90,LLAMA,ctx-2,"ES, ID",30.28409390954252,20.046165419348068,10.237928490194452,1
gstreamer_v1.27.90,LLAMA,ctx-2,"ES, FR",29.6992283123442,20.046165419348068,9.653062892996132,2
gstreamer_v1.27.90,LLAMA,ctx-2,"FR, RU",28.702940934345055,20.046165419348068,8.656775514996987,3
gstreamer_v1.27.90,LLAMA,ctx-2,"FR, ID",28.157010773947807,20.046165419348068,8.11084535459974,4
gstreamer_v1.27.90,LLAMA,ctx-2,"FR, VI",27.06011052185683,20.046165419348068,7.013945102508764,5
gstreamer_v1.27.90,LLAMA,ctx-2,"ES, RU",25.934224452698373,20.046165419348068,5.888059033350306,6
gstreamer_v1.27.90,LLAMA,ctx-2,"FR, ZH_CN",25.527420654284548,20.046165419348068,5.48125523493648,7
gstreamer_v1.27.90,LLAMA,ctx-2,"ES, VI",25.27615442638441,20.046165419348068,5.229989007036341,8
gstreamer_v1.27.90,LLAMA,ctx-2,"ES, ZH_CN",24.716157757090215,20.046165419348068,4.669992337742148,9
gstreamer_v1.27.90,LLAMA,ctx-2,"RU, VI",24.5419490473097,20.046165419348068,4.495783627961632,10
gstreamer_v1.27.90,LLAMA,ctx-2,"ID, RU",24.53988824463239,20.046165419348068,4.493722825284323,11
gstreamer_v1.27.90,LLAMA,ctx-2,"DE, ES",23.688007517550297,20.046165419348068,3.641842098202229,12
gstreamer_v1.27.90,LLAMA,ctx-2,"DE, FR",23.399561333454635,20.046165419348068,3.3533959141065672,13
gstreamer_v1.27.90,LLAMA,ctx-2,"RU, ZH_CN",23.322666243869737,20.046165419348068,3.276500824521669,14
gstreamer_v1.27.90,LLAMA,ctx-2,"ID, VI",23.2654321476638,20.046165419348068,3.219266728315734,15
gstreamer_v1.27.90,LLAMA,ctx-2,"ID, ZH_CN",22.34906197245,20.046165419348068,2.302896553101931,16
gstreamer_v1.27.90,LLAMA,ctx-2,"VI, ZH_CN",21.83445752328764,20.046165419348068,1.7882921039395718,17
gstreamer_v1.27.90,LLAMA,ctx-2,"DE, VI",21.647101719132973,20.046165419348068,1.6009362997849053,18
gstreamer_v1.27.90,LLAMA,ctx-2,"DE, ID",21.108194136694063,20.046165419348068,1.0620287173459957,19
gstreamer_v1.27.90,LLAMA,ctx-2,"DE, RU",20.408085325034513,20.046165419348068,0.3619199056864453,20
gstreamer_v1.27.90,LLAMA,ctx-2,"DE, ZH_CN",20.156399816950294,20.046165419348068,0.11023439760222686,21
gtkspell_v3.0.7,LLAMA,ctx-2,"ES, FR",44.54237599499857,22.558676216889932,21.98369977810864,1
gtkspell_v3.0.7,LLAMA,ctx-2,"RU, VI",43.97163221206366,22.558676216889932,21.41295599517373,2
gtkspell_v3.0.7,LLAMA,ctx-2,"DE, ES",41.815329017430294,22.558676216889932,19.256652800540362,3
gtkspell_v3.0.7,LLAMA,ctx-2,"DE, FR",41.815329017430294,22.558676216889932,19.256652800540362,3
gtkspell_v3.0.7,LLAMA,ctx-2,"ES, VI",39.039349608588054,22.558676216889932,16.480673391698122,5
gtkspell_v3.0.7,LLAMA,ctx-2,"FR, RU",38.11839325427148,22.558676216889932,15.55971703738155,6
gtkspell_v3.0.7,LLAMA,ctx-2,"DE, ID",35.1831337472956,22.558676216889932,12.624457530405667,7
gtkspell_v3.0.7,LLAMA,ctx-2,"ES, RU",34.30717276987566,22.558676216889932,11.748496552985731,8
gtkspell_v3.0.7,LLAMA,ctx-2,"DE, RU",34.052443542991746,22.558676216889932,11.493767326101814,9
gtkspell_v3.0.7,LLAMA,ctx-2,"DE, ZH_CN",30.651861825695164,22.558676216889932,8.093185608805232,10
gtkspell_v3.0.7,LLAMA,ctx-2,"FR, VI",30.25666170928428,22.558676216889932,7.6979854923943485,11
gtkspell_v3.0.7,LLAMA,ctx-2,"RU, ZH_CN",29.599994906996464,22.558676216889932,7.041318690106532,12
gtkspell_v3.0.7,LLAMA,ctx-2,"ES, ZH_CN",29.085720874559875,22.558676216889932,6.5270446576699435,13
gtkspell_v3.0.7,LLAMA,ctx-2,"ID, RU",28.75759459000395,22.558676216889932,6.198918373114019,14
gtkspell_v3.0.7,LLAMA,ctx-2,"FR, ID",28.67987824614096,22.558676216889932,6.121202029251027,15
gtkspell_v3.0.7,LLAMA,ctx-2,"ID, VI",28.34291745979137,22.558676216889932,5.784241242901437,16
gtkspell_v3.0.7,LLAMA,ctx-2,"ID, ZH_CN",28.16031557036309,22.558676216889932,5.601639353473157,17
gtkspell_v3.0.7,LLAMA,ctx-2,"DE, VI",25.86102225902815,22.558676216889932,3.3023460421382183,18
gtkspell_v3.0.7,LLAMA,ctx-2,"FR, ZH_CN",24.05054306447077,22.558676216889932,1.4918668475808374,19
gtkspell_v3.0.7,LLAMA,ctx-2,"VI, ZH_CN",22.97539196957029,22.558676216889932,0.4167157526803571,20
gtkspell_v3.0.7,LLAMA,ctx-2,"ES, ID",21.69240359007857,22.558676216889932,-0.8662726268113623,21
libiconv_v1.17-pre1,LLAMA,ctx-2,"ES, FR",37.580538025507956,25.004274008612935,12.57626401689502,1
libiconv_v1.17-pre1,LLAMA,ctx-2,"ES, ZH_CN",35.888037925286255,25.004274008612935,10.88376391667332,2
libiconv_v1.17-pre1,LLAMA,ctx-2,"ES, ID",35.68862117201367,25.004274008612935,10.684347163400734,3
libiconv_v1.17-pre1,LLAMA,ctx-2,"FR, ID",35.615804188718386,25.004274008612935,10.61153018010545,4
libiconv_v1.17-pre1,LLAMA,ctx-2,"DE, FR",35.53326512564432,25.004274008612935,10.528991117031385,5
libiconv_v1.17-pre1,LLAMA,ctx-2,"DE, ES",34.62306117911263,25.004274008612935,9.618787170499697,6
libiconv_v1.17-pre1,LLAMA,ctx-2,"FR, ZH_CN",34.441155148304915,25.004274008612935,9.43688113969198,7
libiconv_v1.17-pre1,LLAMA,ctx-2,"ES, RU",34.39403810446561,25.004274008612935,9.389764095852673,8
libiconv_v1.17-pre1,LLAMA,ctx-2,"FR, VI",33.9246793910903,25.004274008612935,8.920405382477366,9
libiconv_v1.17-pre1,LLAMA,ctx-2,"ES, VI",33.23551441304616,25.004274008612935,8.231240404433226,10
libiconv_v1.17-pre1,LLAMA,ctx-2,"FR, RU",32.694939303332575,25.004274008612935,7.69066529471964,11
libiconv_v1.17-pre1,LLAMA,ctx-2,"RU, ZH_CN",30.945507482834497,25.004274008612935,5.941233474221562,12
libiconv_v1.17-pre1,LLAMA,ctx-2,"ID, RU",30.87304559998461,25.004274008612935,5.868771591371676,13
libiconv_v1.17-pre1,LLAMA,ctx-2,"ID, ZH_CN",30.75080775496027,25.004274008612935,5.746533746347335,14
libiconv_v1.17-pre1,LLAMA,ctx-2,"RU, VI",29.864788278892178,25.004274008612935,4.860514270279243,15
libiconv_v1.17-pre1,LLAMA,ctx-2,"VI, ZH_CN",29.77933953978892,25.004274008612935,4.775065531175986,16
libiconv_v1.17-pre1,LLAMA,ctx-2,"DE, ZH_CN",29.289698499560583,25.004274008612935,4.285424490947648,17
libiconv_v1.17-pre1,LLAMA,ctx-2,"DE, ID",29.237586265834363,25.004274008612935,4.233312257221428,18
libiconv_v1.17-pre1,LLAMA,ctx-2,"DE, RU",28.677632056039513,25.004274008612935,3.6733580474265786,19
libiconv_v1.17-pre1,LLAMA,ctx-2,"DE, VI",28.029162883359103,25.004274008612935,3.0248888747461677,20
libiconv_v1.17-pre1,LLAMA,ctx-2,"ID, VI",27.67603854600802,25.004274008612935,2.6717645373950845,21
man-db_v2.13.1-pre1,LLAMA,ctx-2,"ES, RU",36.855149137038914,27.8991167195151,8.956032417523815,1
man-db_v2.13.1-pre1,LLAMA,ctx-2,"DE, RU",35.95276486506604,27.8991167195151,8.053648145550937,2
man-db_v2.13.1-pre1,LLAMA,ctx-2,"ID, RU",35.56476121614381,27.8991167195151,7.665644496628708,3
man-db_v2.13.1-pre1,LLAMA,ctx-2,"ES, ID",35.526387473550045,27.8991167195151,7.627270754034946,4
man-db_v2.13.1-pre1,LLAMA,ctx-2,"RU, VI",34.529336261206474,27.8991167195151,6.630219541691375,5
man-db_v2.13.1-pre1,LLAMA,ctx-2,"RU, ZH_CN",34.12661019033415,27.8991167195151,6.227493470819049,6
man-db_v2.13.1-pre1,LLAMA,ctx-2,"DE, ES",32.696588011682174,27.8991167195151,4.797471292167074,7
man-db_v2.13.1-pre1,LLAMA,ctx-2,"ES, ZH_CN",31.81763275924028,27.8991167195151,3.91851603972518,8
man-db_v2.13.1-pre1,LLAMA,ctx-2,"FR, ZH_CN",31.59741734480998,27.8991167195151,3.6983006252948805,9
man-db_v2.13.1-pre1,LLAMA,ctx-2,"ES, FR",31.265604492580668,27.8991167195151,3.3664877730655682,10
man-db_v2.13.1-pre1,LLAMA,ctx-2,"FR, RU",31.177957563610107,27.8991167195151,3.278840844095008,11
man-db_v2.13.1-pre1,LLAMA,ctx-2,"ID, ZH_CN",30.56569966090061,27.8991167195151,2.66658294138551,12
man-db_v2.13.1-pre1,LLAMA,ctx-2,"DE, ID",30.440216510358475,27.8991167195151,2.5410997908433757,13
man-db_v2.13.1-pre1,LLAMA,ctx-2,"DE, ZH_CN",30.1087514390874,27.8991167195151,2.2096347195723,14
man-db_v2.13.1-pre1,LLAMA,ctx-2,"ES, VI",30.05757480357744,27.8991167195151,2.1584580840623424,15
man-db_v2.13.1-pre1,LLAMA,ctx-2,"FR, VI",29.62892367916223,27.8991167195151,1.7298069596471315,16
man-db_v2.13.1-pre1,LLAMA,ctx-2,"DE, VI",29.62784256325205,27.8991167195151,1.7287258437369495,17
man-db_v2.13.1-pre1,LLAMA,ctx-2,"DE, FR",29.58171908316455,27.8991167195151,1.6826023636494511,18
man-db_v2.13.1-pre1,LLAMA,ctx-2,"VI, ZH_CN",29.40555883712757,27.8991167195151,1.506442117612469,19
man-db_v2.13.1-pre1,LLAMA,ctx-2,"FR, ID",28.33560810948798,27.8991167195151,0.43649138997287906,20
man-db_v2.13.1-pre1,LLAMA,ctx-2,"ID, VI",27.90019727121813,27.8991167195151,0.0010805517030298972,21
nano_v8.4-pre1,LLAMA,ctx-2,"ES, ID",30.793492678561215,27.149679432012405,3.6438132465488096,1
nano_v8.4-pre1,LLAMA,ctx-2,"ES, FR",30.520692473625605,27.149679432012405,3.3710130416131996,2
nano_v8.4-pre1,LLAMA,ctx-2,"DE, ES",29.826567464904876,27.149679432012405,2.676888032892471,3
nano_v8.4-pre1,LLAMA,ctx-2,"DE, ID",29.308142426320323,27.149679432012405,2.158462994307918,4
nano_v8.4-pre1,LLAMA,ctx-2,"FR, ID",29.248626320052747,27.149679432012405,2.0989468880403415,5
nano_v8.4-pre1,LLAMA,ctx-2,"DE, FR",29.187250021715695,27.149679432012405,2.0375705897032894,6
nano_v8.4-pre1,LLAMA,ctx-2,"DE, VI",28.738502679849564,27.149679432012405,1.5888232478371584,7
nano_v8.4-pre1,LLAMA,ctx-2,"DE, ZH_CN",28.587887409943107,27.149679432012405,1.438207977930702,8
nano_v8.4-pre1,LLAMA,ctx-2,"DE, RU",28.22237789805684,27.149679432012405,1.0726984660444359,9
nano_v8.4-pre1,LLAMA,ctx-2,"ES, ZH_CN",28.203566531458005,27.149679432012405,1.0538870994455998,10
nano_v8.4-pre1,LLAMA,ctx-2,"FR, ZH_CN",27.55400635621698,27.149679432012405,0.4043269242045753,11
nano_v8.4-pre1,LLAMA,ctx-2,"ES, RU",27.46168927046595,27.149679432012405,0.3120098384535446,12
nano_v8.4-pre1,LLAMA,ctx-2,"ID, RU",27.290948873365625,27.149679432012405,0.14126944135322006,13
nano_v8.4-pre1,LLAMA,ctx-2,"RU, ZH_CN",27.27628613740816,27.149679432012405,0.12660670539575491,14
nano_v8.4-pre1,LLAMA,ctx-2,"ES, VI",26.60024527726853,27.149679432012405,-0.5494341547438744,15
nano_v8.4-pre1,LLAMA,ctx-2,"RU, VI",26.429611606758336,27.149679432012405,-0.7200678252540698,16
nano_v8.4-pre1,LLAMA,ctx-2,"ID, ZH_CN",26.397533897811215,27.149679432012405,-0.7521455342011905,17
nano_v8.4-pre1,LLAMA,ctx-2,"VI, ZH_CN",25.53357335037842,27.149679432012405,-1.616106081633987,18
nano_v8.4-pre1,LLAMA,ctx-2,"FR, VI",25.459154555582945,27.149679432012405,-1.6905248764294605,19
nano_v8.4-pre1,LLAMA,ctx-2,"ID, VI",24.21266803955163,27.149679432012405,-2.937011392460775,20
parted_v3.4.64.2,LLAMA,ctx-2,"ES, RU",42.91762714075135,39.77156666286695,3.1460604778843972,1
parted_v3.4.64.2,LLAMA,ctx-2,"RU, VI",42.32903206331169,39.77156666286695,2.557465400444741,2
parted_v3.4.64.2,LLAMA,ctx-2,"ES, ID",42.24053545588559,39.77156666286695,2.4689687930186395,3
parted_v3.4.64.2,LLAMA,ctx-2,"DE, ID",42.008115973575585,39.77156666286695,2.2365493107086323,4
parted_v3.4.64.2,LLAMA,ctx-2,"RU, ZH_CN",41.966009770089194,39.77156666286695,2.1944431072222415,5
parted_v3.4.64.2,LLAMA,ctx-2,"DE, ES",41.9524281091158,39.77156666286695,2.180861446248848,6
parted_v3.4.64.2,LLAMA,ctx-2,"FR, RU",41.93038348268118,39.77156666286695,2.158816819814227,7
parted_v3.4.64.2,LLAMA,ctx-2,"FR, ZH_CN",41.736209368941914,39.77156666286695,1.9646427060749616,8
parted_v3.4.64.2,LLAMA,ctx-2,"DE, ZH_CN",41.552729274056865,39.77156666286695,1.781162611189913,9
parted_v3.4.64.2,LLAMA,ctx-2,"ID, RU",41.48286539892777,39.77156666286695,1.7112987360608187,10
parted_v3.4.64.2,LLAMA,ctx-2,"ES, ZH_CN",41.285973860961455,39.77156666286695,1.5144071980945029,11
parted_v3.4.64.2,LLAMA,ctx-2,"DE, RU",41.22457447132085,39.77156666286695,1.453007808453897,12
parted_v3.4.64.2,LLAMA,ctx-2,"VI, ZH_CN",41.037082844431055,39.77156666286695,1.2655161815641023,13
parted_v3.4.64.2,LLAMA,ctx-2,"ID, ZH_CN",40.91490395072864,39.77156666286695,1.1433372878616908,14
parted_v3.4.64.2,LLAMA,ctx-2,"FR, ID",40.777212580428746,39.77156666286695,1.0056459175617931,15
parted_v3.4.64.2,LLAMA,ctx-2,"ES, FR",40.77010105712566,39.77156666286695,0.998534394258705,16
parted_v3.4.64.2,LLAMA,ctx-2,"DE, VI",40.71922833993974,39.77156666286695,0.9476616770727873,17
parted_v3.4.64.2,LLAMA,ctx-2,"ES, VI",40.48500872081283,39.77156666286695,0.7134420579458762,18
parted_v3.4.64.2,LLAMA,ctx-2,"DE, FR",40.30042426286029,39.77156666286695,0.5288575999933371,19
parted_v3.4.64.2,LLAMA,ctx-2,"ID, VI",39.97395531648412,39.77156666286695,0.20238865361717018,20
parted_v3.4.64.2,LLAMA,ctx-2,"FR, VI",39.72096723018057,39.77156666286695,-0.050599432686382784,21
psmisc_v23.7-rc1,LLAMA,ctx-2,"ES, FR",40.544331475043755,21.320556996551055,19.2237744784927,1
psmisc_v23.7-rc1,LLAMA,ctx-2,"FR, RU",39.879452704136746,21.320556996551055,18.55889570758569,2
psmisc_v23.7-rc1,LLAMA,ctx-2,"ES, RU",39.452248145412,21.320556996551055,18.131691148860945,3
psmisc_v23.7-rc1,LLAMA,ctx-2,"ES, ID",39.33092612713797,21.320556996551055,18.010369130586916,4
psmisc_v23.7-rc1,LLAMA,ctx-2,"FR, ZH_CN",39.27890875546856,21.320556996551055,17.9583517589175,5
psmisc_v23.7-rc1,LLAMA,ctx-2,"FR, ID",38.39689218125684,21.320556996551055,17.076335184705783,6
psmisc_v23.7-rc1,LLAMA,ctx-2,"ES, ZH_CN",38.16981438919502,21.320556996551055,16.849257392643963,7
psmisc_v23.7-rc1,LLAMA,ctx-2,"DE, FR",37.75122512758094,21.320556996551055,16.430668131029883,8
psmisc_v23.7-rc1,LLAMA,ctx-2,"RU, ZH_CN",36.945057306134906,21.320556996551055,15.624500309583851,9
psmisc_v23.7-rc1,LLAMA,ctx-2,"ID, RU",36.64212965116813,21.320556996551055,15.321572654617079,10
psmisc_v23.7-rc1,LLAMA,ctx-2,"DE, ZH_CN",36.40346665482151,21.320556996551055,15.082909658270452,11
psmisc_v23.7-rc1,LLAMA,ctx-2,"DE, ES",36.17218932517021,21.320556996551055,14.851632328619154,12
psmisc_v23.7-rc1,LLAMA,ctx-2,"DE, RU",35.398505090646424,21.320556996551055,14.077948094095369,13
psmisc_v23.7-rc1,LLAMA,ctx-2,"ID, ZH_CN",35.25931292031277,21.320556996551055,13.938755923761718,14
psmisc_v23.7-rc1,LLAMA,ctx-2,"ES, VI",33.65830538286659,21.320556996551055,12.337748386315532,15
psmisc_v23.7-rc1,LLAMA,ctx-2,"FR, VI",33.119338399322224,21.320556996551055,11.79878140277117,16
psmisc_v23.7-rc1,LLAMA,ctx-2,"DE, ID",31.502632806904636,21.320556996551055,10.182075810353581,17
psmisc_v23.7-rc1,LLAMA,ctx-2,"RU, VI",30.15187251546159,21.320556996551055,8.831315518910536,18
psmisc_v23.7-rc1,LLAMA,ctx-2,"VI, ZH_CN",28.658111604649857,21.320556996551055,7.337554608098802,19
psmisc_v23.7-rc1,LLAMA,ctx-2,"DE, VI",28.58446864923403,21.320556996551055,7.263911652682975,20
psmisc_v23.7-rc1,LLAMA,ctx-2,"ID, VI",28.382103676244732,21.320556996551055,7.061546679693677,21
sed_v4.8.44,LLAMA,ctx-2,"ES, ID",42.696768810761675,37.729437342466454,4.967331468295221,1
sed_v4.8.44,LLAMA,ctx-2,"DE, ES",42.33064546229696,37.729437342466454,4.601208119830503,2
sed_v4.8.44,LLAMA,ctx-2,"DE, ID",41.30423098233444,37.729437342466454,3.574793639867984,3
sed_v4.8.44,LLAMA,ctx-2,"ES, ZH_CN",41.10273592903432,37.729437342466454,3.373298586567863,4
sed_v4.8.44,LLAMA,ctx-2,"DE, FR",41.002759914486056,37.729437342466454,3.2733225720196018,5
sed_v4.8.44,LLAMA,ctx-2,"RU, ZH_CN",40.903210596539935,37.729437342466454,3.173773254073481,6
sed_v4.8.44,LLAMA,ctx-2,"ID, RU",40.78316826764932,37.729437342466454,3.053730925182869,7
sed_v4.8.44,LLAMA,ctx-2,"ES, RU",40.75135600567319,37.729437342466454,3.0219186632067334,8
sed_v4.8.44,LLAMA,ctx-2,"DE, RU",40.698523482344655,37.729437342466454,2.9690861398782005,9
sed_v4.8.44,LLAMA,ctx-2,"FR, ZH_CN",40.402930477037394,37.729437342466454,2.67349313457094,10
sed_v4.8.44,LLAMA,ctx-2,"ES, FR",40.3431580729131,37.729437342466454,2.6137207304466443,11
sed_v4.8.44,LLAMA,ctx-2,"FR, RU",40.18140498321915,37.729437342466454,2.4519676407526987,12
sed_v4.8.44,LLAMA,ctx-2,"FR, ID",40.14703629108307,37.729437342466454,2.4175989486166145,13
sed_v4.8.44,LLAMA,ctx-2,"DE, VI",40.097446786584925,37.729437342466454,2.3680094441184707,14
sed_v4.8.44,LLAMA,ctx-2,"DE, ZH_CN",40.07483464034335,37.729437342466454,2.345397297876893,15
sed_v4.8.44,LLAMA,ctx-2,"VI, ZH_CN",39.60523199298841,37.729437342466454,1.8757946505219536,16
sed_v4.8.44,LLAMA,ctx-2,"ID, ZH_CN",39.522924213374985,37.729437342466454,1.7934868709085308,17
sed_v4.8.44,LLAMA,ctx-2,"ES, VI",39.32998047573525,37.729437342466454,1.6005431332687934,18
sed_v4.8.44,LLAMA,ctx-2,"ID, VI",39.1170108950168,37.729437342466454,1.387573552550343,19
sed_v4.8.44,LLAMA,ctx-2,"FR, VI",38.82706726561684,37.729437342466454,1.0976299231503859,20
sed_v4.8.44,LLAMA,ctx-2,"RU, VI",38.671664540361014,37.729437342466454,0.9422271978945602,21
tar_v1.35.90,LLAMA,ctx-2,"ES, RU",32.535297369934035,29.614408232041367,2.9208891378926687,1
tar_v1.35.90,LLAMA,ctx-2,"DE, ES",32.41196680805634,29.614408232041367,2.797558576014975,2
tar_v1.35.90,LLAMA,ctx-2,"ES, ZH_CN",32.276343530547805,29.614408232041367,2.661935298506439,3
tar_v1.35.90,LLAMA,ctx-2,"ES, FR",31.8960772043006,29.614408232041367,2.281668972259233,4
tar_v1.35.90,LLAMA,ctx-2,"ID, RU",31.772027315734785,29.614408232041367,2.157619083693419,5
tar_v1.35.90,LLAMA,ctx-2,"DE, RU",31.677215902028504,29.614408232041367,2.062807669987137,6
tar_v1.35.90,LLAMA,ctx-2,"ES, ID",31.584502577023382,29.614408232041367,1.9700943449820159,7
tar_v1.35.90,LLAMA,ctx-2,"FR, RU",31.27822080394909,29.614408232041367,1.663812571907723,8
tar_v1.35.90,LLAMA,ctx-2,"DE, ZH_CN",31.21691024551054,29.614408232041367,1.6025020134691736,9
tar_v1.35.90,LLAMA,ctx-2,"DE, FR",31.20146829979905,29.614408232041367,1.5870600677576832,10
tar_v1.35.90,LLAMA,ctx-2,"DE, ID",31.068089520418095,29.614408232041367,1.4536812883767283,11
tar_v1.35.90,LLAMA,ctx-2,"RU, ZH_CN",31.030587975565552,29.614408232041367,1.4161797435241859,12
tar_v1.35.90,LLAMA,ctx-2,"RU, VI",30.946986507526837,29.614408232041367,1.3325782754854707,13
tar_v1.35.90,LLAMA,ctx-2,"ES, VI",30.833877357183898,29.614408232041367,1.2194691251425311,14
tar_v1.35.90,LLAMA,ctx-2,"FR, ID",30.73823328362941,29.614408232041367,1.1238250515880424,15
tar_v1.35.90,LLAMA,ctx-2,"FR, VI",30.605774681012136,29.614408232041367,0.9913664489707692,16
tar_v1.35.90,LLAMA,ctx-2,"DE, VI",30.29261395459877,29.614408232041367,0.6782057225574043,17
tar_v1.35.90,LLAMA,ctx-2,"FR, ZH_CN",30.17908441869834,29.614408232041367,0.5646761866569747,18
tar_v1.35.90,LLAMA,ctx-2,"ID, ZH_CN",30.08609029890543,29.614408232041367,0.4716820668640622,19
tar_v1.35.90,LLAMA,ctx-2,"VI, ZH_CN",29.579703639581886,29.614408232041367,-0.03470459245948021,20
tar_v1.35.90,LLAMA,ctx-2,"ID, VI",29.166953509278247,29.614408232041367,-0.44745472276311915,21
wget_v1.25.0,LLAMA,ctx-2,"ES, FR",33.786438235362226,27.40850980071025,6.377928434651977,1
wget_v1.25.0,LLAMA,ctx-2,"ES, RU",33.76990364461145,27.40850980071025,6.3613938439012045,2
wget_v1.25.0,LLAMA,ctx-2,"FR, ZH_CN",33.51348574577995,27.40850980071025,6.104975945069704,3
wget_v1.25.0,LLAMA,ctx-2,"ES, ZH_CN",32.91976873942154,27.40850980071025,5.511258938711293,4
wget_v1.25.0,LLAMA,ctx-2,"FR, RU",32.174548858590434,27.40850980071025,4.766039057880185,5
wget_v1.25.0,LLAMA,ctx-2,"DE, ES",32.08159651840344,27.40850980071025,4.673086717693188,6
wget_v1.25.0,LLAMA,ctx-2,"ES, ID",31.918623089239812,27.40850980071025,4.510113288529563,7
wget_v1.25.0,LLAMA,ctx-2,"RU, ZH_CN",31.5351957566974,27.40850980071025,4.126685955987153,8
wget_v1.25.0,LLAMA,ctx-2,"DE, RU",31.42861155744252,27.40850980071025,4.02010175673227,9
wget_v1.25.0,LLAMA,ctx-2,"DE, FR",31.422173570860412,27.40850980071025,4.013663770150163,10
wget_v1.25.0,LLAMA,ctx-2,"ID, RU",31.267181993519564,27.40850980071025,3.8586721928093155,11
wget_v1.25.0,LLAMA,ctx-2,"DE, ZH_CN",31.0832407263814,27.40850980071025,3.6747309256711524,12
wget_v1.25.0,LLAMA,ctx-2,"FR, ID",30.753563653412595,27.40850980071025,3.345053852702346,13
wget_v1.25.0,LLAMA,ctx-2,"ES, VI",30.568346236915723,27.40850980071025,3.159836436205474,14
wget_v1.25.0,LLAMA,ctx-2,"RU, VI",30.465234540200218,27.40850980071025,3.056724739489969,15
wget_v1.25.0,LLAMA,ctx-2,"DE, ID",30.423879429438667,27.40850980071025,3.0153696287284184,16
wget_v1.25.0,LLAMA,ctx-2,"ID, ZH_CN",30.30658246456673,27.40850980071025,2.8980726638564818,17
wget_v1.25.0,LLAMA,ctx-2,"FR, VI",29.12357326283232,27.40850980071025,1.715063462122071,18
wget_v1.25.0,LLAMA,ctx-2,"VI, ZH_CN",29.061736605684732,27.40850980071025,1.6532268049744836,19
wget_v1.25.0,LLAMA,ctx-2,"DE, VI",28.79133894845969,27.40850980071025,1.3828291477494403,20
wget_v1.25.0,LLAMA,ctx-2,"ID, VI",27.607961029608056,27.40850980071025,0.1994512288978072,21
xdg-user-dirs_v0.17,LLAMA,ctx-2,"ES, RU",26.92544755507777,0.9519911702165236,25.973456384861247,1
xdg-user-dirs_v0.17,LLAMA,ctx-2,"DE, RU",25.94273111195437,0.9519911702165236,24.990739941737846,2
xdg-user-dirs_v0.17,LLAMA,ctx-2,"ES, FR",21.450023577753637,0.9519911702165236,20.498032407537114,3
xdg-user-dirs_v0.17,LLAMA,ctx-2,"DE, FR",20.499733492277027,0.9519911702165236,19.547742322060504,4
xdg-user-dirs_v0.17,LLAMA,ctx-2,"FR, ZH_CN",20.294303103634583,0.9519911702165236,19.34231193341806,5
xdg-user-dirs_v0.17,LLAMA,ctx-2,"FR, RU",19.940843798108425,0.9519911702165236,18.9888526278919,6
xdg-user-dirs_v0.17,LLAMA,ctx-2,"RU, ZH_CN",19.177831286686576,0.9519911702165236,18.225840116470053,7
xdg-user-dirs_v0.17,LLAMA,ctx-2,"ES, ZH_CN",17.584644597888538,0.9519911702165236,16.632653427672015,8
xdg-user-dirs_v0.17,LLAMA,ctx-2,"DE, ES",14.400452564320684,0.9519911702165236,13.44846139410416,9
xdg-user-dirs_v0.17,LLAMA,ctx-2,"ES, ID",14.39117334404932,0.9519911702165236,13.439182173832798,10
xdg-user-dirs_v0.17,LLAMA,ctx-2,"ID, RU",14.026025022843696,0.9519911702165236,13.074033852627172,11
xdg-user-dirs_v0.17,LLAMA,ctx-2,"FR, ID",14.022495246731328,0.9519911702165236,13.070504076514805,12
xdg-user-dirs_v0.17,LLAMA,ctx-2,"RU, VI",12.837971986420325,0.9519911702165236,11.885980816203801,13
xdg-user-dirs_v0.17,LLAMA,ctx-2,"DE, VI",6.277621622911586,0.9519911702165236,5.325630452695062,14
xdg-user-dirs_v0.17,LLAMA,ctx-2,"DE, ID",6.274878978340138,0.9519911702165236,5.322887808123614,15
xdg-user-dirs_v0.17,LLAMA,ctx-2,"DE, ZH_CN",6.265599758068775,0.9519911702165236,5.313608587852251,16
xdg-user-dirs_v0.17,LLAMA,ctx-2,"FR, VI",5.536861457675374,0.9519911702165236,4.58487028745885,17
xdg-user-dirs_v0.17,LLAMA,ctx-2,"ES, VI",5.258479098224642,0.9519911702165236,4.306487928008119,18
xdg-user-dirs_v0.17,LLAMA,ctx-2,"ID, ZH_CN",0.9519911702165236,0.9519911702165236,0.0,19
xdg-user-dirs_v0.17,LLAMA,ctx-2,"ID, VI",0.5704849145056003,0.9519911702165236,-0.3815062557109232,20
xdg-user-dirs_v0.17,LLAMA,ctx-2,"VI, ZH_CN",0.5704849145056003,0.9519911702165236,-0.3815062557109232,20
